{
  "animationTime": 1.4,
  "useAnimationCurve": true,
  "playMode": "Default",
  "colorA": {
    "_r": 255,
    "_g": 255,
    "_b": 255,
    "a": 1
  },
  "colorB": {
    "_r": 255,
    "_g": 255,
    "_b": 255,
    "a": 0
  },
  "animationCurve": {
    "times": [
      0,
      0.45,
      0.451,
      0.97,
      1
    ],
    "values": [
      0,
      1,
      0,
      1,
      0
    ],
    "inTangents": [
      0,
      0,
      999.983093261719,
      0,
      -33.333366394043
    ],
    "outTangents": [
      0,
      999.983093261719,
      0,
      -33.333366394043,
      0
    ]
  }
}